{
  "variants": {
    "facing=down,powered=false":[ 
      {"model": "minecraft:block/observer","x": 90},
      {"model": "minecraft:block/observer_dissaproved","x": 90},
      {"model": "minecraft:block/observer_eyebrow","x": 90},
      {"model": "minecraft:block/observer_flushed","x": 90},
      {"model": "minecraft:block/observer_happy","x": 90},
      {"model": "minecraft:block/observer_huh","x": 90},
      {"model": "minecraft:block/observer_mad","x": 90},
      {"model": "minecraft:block/observer_sad","x": 90},
      {"model": "minecraft:block/observer_shifty","x": 90},
      {"model": "minecraft:block/observer_sleep","x": 90},
      {"model": "minecraft:block/observer_suprised","x": 90},
      {"model": "minecraft:block/observer_tater","x": 90},
      {"model": "minecraft:block/observer_wink","x": 90},
      {"model": "minecraft:block/observer_woah","x": 90},
      {"model": "minecraft:block/observer_womp","x": 90}
  ],
    "facing=down,powered=true":[ 
      {"model": "minecraft:block/observer_on","x": 90},
      {"model": "minecraft:block/observer_dissaproved_on","x": 90},
      {"model": "minecraft:block/observer_eyebrow_on","x": 90},
      {"model": "minecraft:block/observer_flushed_on","x": 90},
      {"model": "minecraft:block/observer_happy_on","x": 90},
      {"model": "minecraft:block/observer_huh_on","x": 90},
      {"model": "minecraft:block/observer_mad_on","x": 90},
      {"model": "minecraft:block/observer_sad_on","x": 90},
      {"model": "minecraft:block/observer_shifty_on","x": 90},
      {"model": "minecraft:block/observer_sleep_on","x": 90},
      {"model": "minecraft:block/observer_suprised_on","x": 90},
      {"model": "minecraft:block/observer_tater_on","x": 90},
      {"model": "minecraft:block/observer_wink_on","x": 90},
      {"model": "minecraft:block/observer_woah_on","x": 90},
      {"model": "minecraft:block/observer_womp_on","x": 90}
  ],
    "facing=east,powered=false":[ 
      {"model": "minecraft:block/observer","y": 90},
      {"model": "minecraft:block/observer_dissaproved","y": 90},
      {"model": "minecraft:block/observer_eyebrow","y": 90},
      {"model": "minecraft:block/observer_flushed","y": 90},
      {"model": "minecraft:block/observer_happy","y": 90},
      {"model": "minecraft:block/observer_huh","y": 90},
      {"model": "minecraft:block/observer_mad","y": 90},
      {"model": "minecraft:block/observer_sad","y": 90},
      {"model": "minecraft:block/observer_shifty","y": 90},
      {"model": "minecraft:block/observer_sleep","y": 90},
      {"model": "minecraft:block/observer_suprised","y": 90},
      {"model": "minecraft:block/observer_tater","y": 90},
      {"model": "minecraft:block/observer_wink","y": 90},
      {"model": "minecraft:block/observer_woah","y": 90},
      {"model": "minecraft:block/observer_womp","y": 90}
  ],
    "facing=east,powered=true":[
      {"model": "minecraft:block/observer_on","y": 90},
      {"model": "minecraft:block/observer_dissaproved_on","y": 90},
      {"model": "minecraft:block/observer_eyebrow_on","y": 90},
      {"model": "minecraft:block/observer_flushed_on","y": 90},
      {"model": "minecraft:block/observer_happy_on","y": 90},
      {"model": "minecraft:block/observer_huh_on","y": 90},
      {"model": "minecraft:block/observer_mad_on","y": 90},
      {"model": "minecraft:block/observer_sad_on","y": 90},
      {"model": "minecraft:block/observer_shifty_on","y": 90},
      {"model": "minecraft:block/observer_sleep_on","y": 90},
      {"model": "minecraft:block/observer_suprised_on","y": 90},
      {"model": "minecraft:block/observer_tater_on","y": 90},
      {"model": "minecraft:block/observer_wink_on","y": 90},
      {"model": "minecraft:block/observer_woah_on","y": 90},
      {"model": "minecraft:block/observer_womp_on","y": 90}
  ],
    "facing=north,powered=false":[
      {"model": "minecraft:block/observer"},
      {"model": "minecraft:block/observer_dissaproved"},
      {"model": "minecraft:block/observer_eyebrow"},
      {"model": "minecraft:block/observer_flushed"},
      {"model": "minecraft:block/observer_happy"},
      {"model": "minecraft:block/observer_huh"},
      {"model": "minecraft:block/observer_mad"},
      {"model": "minecraft:block/observer_sad"},
      {"model": "minecraft:block/observer_shifty"},
      {"model": "minecraft:block/observer_sleep"},
      {"model": "minecraft:block/observer_suprised"},
      {"model": "minecraft:block/observer_tater"},
      {"model": "minecraft:block/observer_wink"},
      {"model": "minecraft:block/observer_woah"},
      {"model": "minecraft:block/observer_womp"} 
  ],
    "facing=north,powered=true":[
      {"model": "minecraft:block/observer_on"},
      {"model": "minecraft:block/observer_dissaproved_on"},
      {"model": "minecraft:block/observer_eyebrow_on"},
      {"model": "minecraft:block/observer_flushed_on"},
      {"model": "minecraft:block/observer_happy_on"},
      {"model": "minecraft:block/observer_huh_on"},
      {"model": "minecraft:block/observer_mad_on"},
      {"model": "minecraft:block/observer_sad_on"},
      {"model": "minecraft:block/observer_shifty_on"},
      {"model": "minecraft:block/observer_sleep_on"},
      {"model": "minecraft:block/observer_suprised_on"},
      {"model": "minecraft:block/observer_tater_on"},
      {"model": "minecraft:block/observer_wink_on"},
      {"model": "minecraft:block/observer_woah_on"},
      {"model": "minecraft:block/observer_womp_on"}
  ],
    "facing=south,powered=false":[
      {"model": "minecraft:block/observer","y": 180},
      {"model": "minecraft:block/observer_dissaproved","y": 180},
      {"model": "minecraft:block/observer_eyebrow","y": 180},
      {"model": "minecraft:block/observer_flushed","y": 180},
      {"model": "minecraft:block/observer_happy","y": 180},
      {"model": "minecraft:block/observer_huh","y": 180},
      {"model": "minecraft:block/observer_mad","y": 180},
      {"model": "minecraft:block/observer_sad","y": 180},
      {"model": "minecraft:block/observer_shifty","y": 180},
      {"model": "minecraft:block/observer_sleep","y": 180},
      {"model": "minecraft:block/observer_suprised","y": 180},
      {"model": "minecraft:block/observer_tater","y": 180},
      {"model": "minecraft:block/observer_wink","y": 180},
      {"model": "minecraft:block/observer_woah","y": 180},
      {"model": "minecraft:block/observer_womp","y": 180}
  ],
    "facing=south,powered=true":[
      {"model": "minecraft:block/observer_on","y": 180},
      {"model": "minecraft:block/observer_dissaproved_on","y": 180},
      {"model": "minecraft:block/observer_eyebrow_on","y": 180},
      {"model": "minecraft:block/observer_flushed_on","y": 180},
      {"model": "minecraft:block/observer_happy_on","y": 180},
      {"model": "minecraft:block/observer_huh_on","y": 180},
      {"model": "minecraft:block/observer_mad_on","y": 180},
      {"model": "minecraft:block/observer_sad_on","y": 180},
      {"model": "minecraft:block/observer_shifty_on","y": 180},
      {"model": "minecraft:block/observer_sleep_on","y": 180},
      {"model": "minecraft:block/observer_suprised_on","y": 180},
      {"model": "minecraft:block/observer_tater_on","y": 180},
      {"model": "minecraft:block/observer_wink_on","y": 180},
      {"model": "minecraft:block/observer_woah_on","y": 180},
      {"model": "minecraft:block/observer_womp_on","y": 180}
  ],
    "facing=up,powered=false":[
      {"model": "minecraft:block/observer","x": 270},
      {"model": "minecraft:block/observer_dissaproved","x": 270},
      {"model": "minecraft:block/observer_eyebrow","x": 270},
      {"model": "minecraft:block/observer_flushed","x": 270},
      {"model": "minecraft:block/observer_happy","x": 270},
      {"model": "minecraft:block/observer_huh","x": 270},
      {"model": "minecraft:block/observer_mad","x": 270},
      {"model": "minecraft:block/observer_sad","x": 270},
      {"model": "minecraft:block/observer_shifty","x": 270},
      {"model": "minecraft:block/observer_sleep","x": 270},
      {"model": "minecraft:block/observer_suprised","x": 270},
      {"model": "minecraft:block/observer_tater","x": 270},
      {"model": "minecraft:block/observer_wink","x": 270},
      {"model": "minecraft:block/observer_woah","x": 270},
      {"model": "minecraft:block/observer_womp","x": 270}
  ],
    "facing=up,powered=true":[
      {"model": "minecraft:block/observer_on","x": 270},
      {"model": "minecraft:block/observer_dissaproved_on","x": 270},
      {"model": "minecraft:block/observer_eyebrow_on","x": 270},
      {"model": "minecraft:block/observer_flushed_on","x": 270},
      {"model": "minecraft:block/observer_happy_on","x": 270},
      {"model": "minecraft:block/observer_huh_on","x": 270},
      {"model": "minecraft:block/observer_mad_on","x": 270},
      {"model": "minecraft:block/observer_sad_on","x": 270},
      {"model": "minecraft:block/observer_shifty_on","x": 270},
      {"model": "minecraft:block/observer_sleep_on","x": 270},
      {"model": "minecraft:block/observer_suprised_on","x": 270},
      {"model": "minecraft:block/observer_tater_on","x": 270},
      {"model": "minecraft:block/observer_wink_on","x": 270},
      {"model": "minecraft:block/observer_woah_on","x": 270},
      {"model": "minecraft:block/observer_womp_on","x": 270}
  ],
    "facing=west,powered=false":[
      {"model": "minecraft:block/observer","y": 270},
      {"model": "minecraft:block/observer_dissaproved","y": 270},
      {"model": "minecraft:block/observer_eyebrow","y": 270},
      {"model": "minecraft:block/observer_flushed","y": 270},
      {"model": "minecraft:block/observer_happy","y": 270},
      {"model": "minecraft:block/observer_huh","y": 270},
      {"model": "minecraft:block/observer_mad","y": 270},
      {"model": "minecraft:block/observer_sad","y": 270},
      {"model": "minecraft:block/observer_shifty","y": 270},
      {"model": "minecraft:block/observer_sleep","y": 270},
      {"model": "minecraft:block/observer_suprised","y": 270},
      {"model": "minecraft:block/observer_tater","y": 270},
      {"model": "minecraft:block/observer_wink","y": 270},
      {"model": "minecraft:block/observer_woah","y": 270},
      {"model": "minecraft:block/observer_womp","y": 270}
  ],
    "facing=west,powered=true":[
      {"model": "minecraft:block/observer_on","y": 270},
      {"model": "minecraft:block/observer_dissaproved_on","y": 270},
      {"model": "minecraft:block/observer_eyebrow_on","y": 270},
      {"model": "minecraft:block/observer_flushed_on","y": 270},
      {"model": "minecraft:block/observer_happy_on","y": 270},
      {"model": "minecraft:block/observer_huh_on","y": 270},
      {"model": "minecraft:block/observer_mad_on","y": 270},
      {"model": "minecraft:block/observer_sad_on","y": 270},
      {"model": "minecraft:block/observer_shifty_on","y": 270},
      {"model": "minecraft:block/observer_sleep_on","y": 270},
      {"model": "minecraft:block/observer_suprised_on","y": 270},
      {"model": "minecraft:block/observer_tater_on","y": 270},
      {"model": "minecraft:block/observer_wink_on","y": 270},
      {"model": "minecraft:block/observer_woah_on","y": 270},
      {"model": "minecraft:block/observer_womp_on","y": 270}
    ]
  }
}