{"parent": "minecraft:item/generated", "textures": {"layer0": "minecraft:item/golden_carrot"}, "overrides": [
	{"predicate": {"custom_model_data": 1}, "model": "synhat/old/held/food/sandwich_jam"},
	{"predicate": {"custom_model_data": 2}, "model": "synhat/old/held/food/sandwich_cheese"},
	{"predicate": {"custom_model_data": 3}, "model": "synhat/old/held/food/sandwich_grand"},
	{"predicate": {"custom_model_data": 4}, "model": "synhat/old/held/food/pasta"},
	{"predicate": {"custom_model_data": 5}, "model": "synhat/old/held/food/pizza_dough"},
	{"predicate": {"custom_model_data": 6}, "model": "synhat/old/held/food/pizza_blank"},
	{"predicate": {"custom_model_data": 7}, "model": "synhat/old/held/food/pizza_magarita"},
	{"predicate": {"custom_model_data": 8}, "model": "synhat/old/held/food/jam_chorus"},
	{"predicate": {"custom_model_data": 9}, "model": "synhat/old/held/food/jam_exotic"},
	{"predicate": {"custom_model_data": 10}, "model": "synhat/old/held/food/jam_supreme"},
	{"predicate": {"custom_model_data": 11}, "model": "synhat/old/held/food/juice_chorus"},
	{"predicate": {"custom_model_data": 12}, "model": "synhat/old/held/food/minced_beef"},
	{"predicate": {"custom_model_data": 13}, "model": "synhat/old/held/food/meat_sauce"},
	{"predicate": {"custom_model_data": 14}, "model": "synhat/old/held/food/lasagna"},
	{"predicate": {"custom_model_data": 15}, "model": "synhat/old/held/food/magic_lasagna"},
	{"predicate": {"custom_model_data": 16}, "model": "synhat/old/held/food/pizza_kebab"},
	{"predicate": {"custom_model_data": 17}, "model": "synhat/old/held/food/pizza_gothemburg"},
	{"predicate": {"custom_model_data": 18}, "model": "synhat/old/held/food/pizza_reale"},
	{"predicate": {"custom_model_data": 19}, "model": "synhat/old/held/food/pizza_grand_deluxe"},
	{"predicate": {"custom_model_data": 20}, "model": "synhat/old/held/food/chicken_spicy"},
	{"predicate": {"custom_model_data": 21}, "model": "synhat/old/held/food/canned_fish"},
	{"predicate": {"custom_model_data": 22}, "model": "synhat/old/held/food/fish_dish"},
	{"predicate": {"custom_model_data": 23}, "model": "synhat/old/held/food/pizza_marina"},
	{"predicate": {"custom_model_data": 24}, "model": "synhat/old/held/food/minced_pork"},
	{"predicate": {"custom_model_data": 25}, "model": "synhat/old/held/food/pizza_vesuvio"},
	{"predicate": {"custom_model_data": 26}, "model": "synhat/old/held/food/pizza_capricciosa"},
	{"predicate": {"custom_model_data": 27}, "model": "synhat/old/held/food/pizza_pollo"},
	{"predicate": {"custom_model_data": 28}, "model": "synhat/old/held/food/pizza_speciale"},
	{"predicate": {"custom_model_data": 29}, "model": "synhat/old/held/food/bacon"},
	{"predicate": {"custom_model_data": 30}, "model": "synhat/old/held/food/omelette_keto"},
	{"predicate": {"custom_model_data": 31}, "model": "synhat/old/held/food/omelette_japan"},
	{"predicate": {"custom_model_data": 32}, "model": "synhat/old/held/food/ketchup"},
	{"predicate": {"custom_model_data": 33}, "model": "synhat/old/held/food/red_sauce"},
	{"predicate": {"custom_model_data": 34}, "model": "synhat/old/held/food/cheese_jam_platter"},
	{"predicate": {"custom_model_data": 35}, "model": "synhat/old/held/food/cheese_executive_platter"},
	{"predicate": {"custom_model_data": 36}, "model": "synhat/old/held/food/jam_melon"},
	{"predicate": {"custom_model_data": 37}, "model": "synhat/old/held/food/juice_melon"},
	{"predicate": {"custom_model_data": 38}, "model": "synhat/old/held/food/jam_berry"},
	{"predicate": {"custom_model_data": 39}, "model": "synhat/old/held/food/jam_apple"},
	{"predicate": {"custom_model_data": 40}, "model": "synhat/old/held/food/jam_fruity"},
	{"predicate": {"custom_model_data": 41}, "model": "synhat/old/held/food/juice_apple"}]}