{"parent": "minecraft:item/handheld", "textures": {"layer0": "minecraft:item/netherite_sword"}, "overrides": [
	{"predicate": {"custom_model_data": 1}, "model": "synhat/old/held/thaumic_exo_sword"},
	{"predicate": {"custom_model_data": 2}, "model": "synhat/old/held/buster_sword"},
	{"predicate": {"custom_model_data": 3}, "model": "synhat/old/held/shovel_knight"},
	{"predicate": {"custom_model_data": 4}, "model": "synhat/old/hat/longcat"},
	{"predicate": {"custom_model_data": 5}, "model": "synhat/old/held/terraria/excalibur2"},
	{"predicate": {"custom_model_data": 6}, "model": "synhat/old/held/terraria/falcon_blade"},
	{"predicate": {"custom_model_data": 7}, "model": "synhat/old/held/terraria/lead_broadsword"},
	{"predicate": {"custom_model_data": 8}, "model": "synhat/old/held/terraria/platinum_broadsword"},
	{"predicate": {"custom_model_data": 9}, "model": "synhat/old/held/terraria/stylish_scissors"},
	{"predicate": {"custom_model_data": 10}, "model": "synhat/old/held/terraria/bone_sword"},
	{"predicate": {"custom_model_data": 11}, "model": "synhat/old/held/terraria/terra_blade"},
	{"predicate": {"custom_model_data": 12}, "model": "synhat/old/held/terraria/orichalcum_sword"},
	{"predicate": {"custom_model_data": 13}, "model": "synhat/old/held/terraria/palladium_sword"},
	{"predicate": {"custom_model_data": 14}, "model": "synhat/old/held/terraria/keybrand"},
	{"predicate": {"custom_model_data": 15}, "model": "synhat/old/held/terraria/nights_edge"},
	{"predicate": {"custom_model_data": 16}, "model": "synhat/old/held/terraria/breaker_blade"},
	{"predicate": {"custom_model_data": 17}, "model": "synhat/old/held/chain_blade"},
	{"predicate": {"custom_model_data": 18}, "model": "synhat/old/hat/rubber_duck"},
	{"predicate": {"custom_model_data": 19}, "model": "synhat/old/held/omniwrench"},
	{"predicate": {"custom_model_data": 20}, "model": "synhat/old/held/rwby"},
	{"predicate": {"custom_model_data": 21}, "model": "synhat/old/held/star_wand"},
	{"predicate": {"custom_model_data": 22}, "model": "synhat/old/held/energy_blade"},
	{"predicate": {"custom_model_data": 23}, "model": "synhat/old/held/baugette_blade"},
	{"predicate": {"custom_model_data": 24}, "model": "synhat/wilux/deltarune/rude_buster"},
	{"predicate": {"custom_model_data": 25}, "model": "synhat/wilux/deltarune/rude_buster_xl"},
	{"predicate": {"custom_model_data": 26}, "model": "synhat/wilux/deltarune/holy_halberd"},
	{"predicate": {"custom_model_data": 27}, "model": "synhat/wilux/marvel/infinity_gauntlet"},
	{"predicate": {"custom_model_data": 28}, "model": "synhat/wilux/marvel/infinity_gauntlet_front"}]}