{"parent": "builtin/entity", "gui_light": "front", "textures": {"particle": "block/dark_oak_planks"}, "display": {"thirdperson_righthand": {"rotation": [0, 90, 0], "translation": [10, 6, -4], "scale": [1, 1, 1]}, "thirdperson_lefthand": {"rotation": [0, 90, 0], "translation": [10, 6, 12], "scale": [1, 1, 1]}, "firstperson_righthand": {"rotation": [0, 180, 5], "translation": [-10, 2, -10], "scale": [1.25, 1.25, 1.25]}, "firstperson_lefthand": {"rotation": [0, 180, 5], "translation": [10, 0, -10], "scale": [1.25, 1.25, 1.25]}, "gui": {"rotation": [15, -25, -5], "translation": [2, 3, 0], "scale": [0.65, 0.65, 0.65]}, "fixed": {"rotation": [0, 180, 0], "translation": [-4.5, 4.5, -5], "scale": [0.55, 0.55, 0.55]}, "ground": {"rotation": [0, 0, 0], "translation": [2, 4, 2], "scale": [0.25, 0.25, 0.25]}}, "overrides": [
	{"predicate": {"blocking": 1}, "model": "item/shield_blocking"},
	{"predicate": {"custom_model_data": 1, "blocking": 0}, "model": "synhat/wilux/trophies/rsa2023/rsa_door"},
	{"predicate": {"custom_model_data": 1, "blocking": 1}, "model": "synhat/wilux/trophies/rsa2023/blocking_rsa_door"},
	{"predicate": {"custom_model_data": 2, "blocking": 0}, "model": "synhat/wilux/trophies/rsa2023/rsa_0tick"},
	{"predicate": {"custom_model_data": 2, "blocking": 1}, "model": "synhat/wilux/trophies/rsa2023/blocking_rsa_0tick"},
	{"predicate": {"custom_model_data": 3, "blocking": 0}, "model": "synhat/wilux/trophies/rsa2023/rsa_compute"},
	{"predicate": {"custom_model_data": 3, "blocking": 1}, "model": "synhat/wilux/trophies/rsa2023/blocking_rsa_compute"},
	{"predicate": {"custom_model_data": 4, "blocking": 0}, "model": "synhat/wilux/trophies/rsa2023/rsa_slime"},
	{"predicate": {"custom_model_data": 4, "blocking": 1}, "model": "synhat/wilux/trophies/rsa2023/blocking_rsa_slime"},
	{"predicate": {"custom_model_data": 5, "blocking": 0}, "model": "synhat/wilux/trophies/rsa2023/rsa_creative"},
	{"predicate": {"custom_model_data": 5, "blocking": 1}, "model": "synhat/wilux/trophies/rsa2023/blocking_rsa_creative"},
	{"predicate": {"custom_model_data": 6, "blocking": 0}, "model": "synhat/wilux/trophies/rsa2023/rsa_content_creator"},
	{"predicate": {"custom_model_data": 6, "blocking": 1}, "model": "synhat/wilux/trophies/rsa2023/blocking_rsa_content_creator"},
	{"predicate": {"custom_model_data": 7, "blocking": 0}, "model": "synhat/wilux/trophies/rsa2023/rsa_farm"},
	{"predicate": {"custom_model_data": 7, "blocking": 1}, "model": "synhat/wilux/trophies/rsa2023/blocking_rsa_farm"},
	{"predicate": {"custom_model_data": 8, "blocking": 0}, "model": "synhat/wilux/trophies/rsa2023/rsa_storage"},
	{"predicate": {"custom_model_data": 8, "blocking": 1}, "model": "synhat/wilux/trophies/rsa2023/blocking_rsa_storage"},
	{"predicate": {"custom_model_data": 9, "blocking": 0}, "model": "synhat/wilux/trophies/rsa2023/rsa_server"},
	{"predicate": {"custom_model_data": 9, "blocking": 1}, "model": "synhat/wilux/trophies/rsa2023/blocking_rsa_server"},
	{"predicate": {"custom_model_data": 10, "blocking": 0}, "model": "synhat/wilux/trophies/rsa2023/rsa_redstoner"},
	{"predicate": {"custom_model_data": 10, "blocking": 1}, "model": "synhat/wilux/trophies/rsa2023/blocking_rsa_redstoner"},
	{"predicate": {"custom_model_data": 11, "blocking": 0}, "model": "synhat/wilux/trophies/rsa2023/rsa_hidden_gem"},
	{"predicate": {"custom_model_data": 11, "blocking": 1}, "model": "synhat/wilux/trophies/rsa2023/blocking_rsa_hidden_gem"}]}