{
    "ambientocclusion": false,
    "textures": {
        "particle": "block/repeater/3_on",
        "slab": "block/repeater/side",
        "top": "block/repeater/3_on",
        "lit": "block/redstone_torch",
        "lock": "block/repeater/lock",
        "bottom": "block/repeater/3_on_locked_bottom"
    },
    "elements": [
        {   "from": [ 0, 0, 0 ],
            "to": [ 16, 2, 16 ],
            "faces": {
                "down":  { "uv": [ 0,  0, 16, 16 ], "texture": "#bottom", "rotation": 180, "cullface": "down" },
                "up":    { "uv": [ 0,  0, 16, 16 ], "texture": "#top" },
                "north": { "uv": [ 0, 14, 16, 16 ], "texture": "#slab", "cullface": "north" },
                "south": { "uv": [ 0, 14, 16, 16 ], "texture": "#slab", "cullface": "south" },
                "west":  { "uv": [ 0, 14, 16, 16 ], "texture": "#slab", "cullface": "west" },
                "east":  { "uv": [ 0, 14, 16, 16 ], "texture": "#slab", "cullface": "east" }
            }
        },
        {   "from": [ 2, 2, 10 ],
            "to": [ 14, 4, 12 ],
            "faces": {
                "down":  { "uv": [ 7, 2,  9, 14 ], "texture": "#lock", "rotation": 90 },
                "up":    { "uv": [ 7, 2,  9, 14 ], "texture": "#lock", "rotation": 90 },
                "north": { "uv": [ 2, 7, 14,  9 ], "texture": "#lock" },
                "south": { "uv": [ 2, 7, 14,  9 ], "texture": "#lock" },
                "west":  { "uv": [ 6, 7,  8,  9 ], "texture": "#lock" },
                "east":  { "uv": [ 6, 7,  8,  9 ], "texture": "#lock" }
            }
        },
        {   "from": [ 7, 2, 2 ],
            "to": [ 9, 7, 4 ],
            "shade": false,
            "faces": {
                "up":    { "uv": [ 7, 6, 9,  8 ], "texture": "#lit" },
                "north": { "uv": [ 7, 6, 9, 11 ], "texture": "#lit" },
                "south": { "uv": [ 7, 6, 9, 11 ], "texture": "#lit" },
                "west":  { "uv": [ 7, 6, 9, 11 ], "texture": "#lit" },
                "east":  { "uv": [ 7, 6, 9, 11 ], "texture": "#lit" }
            }
        },
        {   "from": [ 9.5, 4.5, 1.5 ],
            "to": [ 6.5, 7.5, 4.5 ],
            "shade": false,
            "faces": {
                "down":  { "uv": [ 6, 5, 7, 6 ], "texture": "#lit" },
                "up":    { "uv": [ 6, 5, 7, 6 ], "texture": "#lit" },
                "north": { "uv": [ 6, 5, 7, 6 ], "texture": "#lit" },
                "south": { "uv": [ 6, 5, 7, 6 ], "texture": "#lit" },
                "west":  { "uv": [ 6, 5, 7, 6 ], "texture": "#lit" },
                "east":  { "uv": [ 6, 5, 7, 6 ], "texture": "#lit" }
            }
        }
    ]
}
